{
	"pages": [ //pages数组中第一项表示应用启动页，参考：https://uniapp.dcloud.io/collocation/pages
		{
			"path": "pages/login/login",
			"style": {
				"navigationStyle": "custom",
				"enablePullDownRefresh": false
			}
		},

		{
			"path": "pages/index/index",
			"style": {
				"navigationBarTitleText": "学习",
				"enablePullDownRefresh": false
				
			}
		}
	    ,{
            "path" : "pages/textual-criticism/textual-criticism",
            "style" :                                                                                    
            {
                "navigationBarTitleText": "考证",
                "enablePullDownRefresh": false
            }
            
        }
        ,{
            "path" : "pages/discuss/discuss",
            "style" :                                                                                    
            {
                "navigationBarTitleText": "讨论",
                "enablePullDownRefresh": false
            }
            
        }
        ,{
            "path" : "pages/Personal-Center/Personal-Center",
            "style" :                                                                                    
            {
                "navigationBarTitleText": "我的",
                "enablePullDownRefresh": false
            }
            
        }

        ,{
            "path" : "pages/register/register",
            "style" :                                                                                    
            {
                "navigationBarTitleText": "",
                "enablePullDownRefresh": false
            }
            
        }
        ,{
            "path" : "pages/Personal-Center/Basic-Information/Basic-Information",
            "style" :                                                                                    
            {
                "navigationBarTitleText": "基本资料",
                "enablePullDownRefresh": false
            }
            
        }
        ,{
            "path" : "pages/Personal-Center/Reminder-Settings/Reminder-Settings",
            "style" :                                                                                    
            {
                "navigationBarTitleText": "提醒设置",
                "enablePullDownRefresh": false
            }
            
        }
        ,{
            "path" : "pages/Personal-Center/Change-Password/Change-Password",
            "style" :                                                                                    
            {
                "navigationBarTitleText": "修改密码",
                "enablePullDownRefresh": false
            }
            
        }
        ,{
            "path" : "components/Computer-Basics/GitHub-SVN/GitHub-SVN",
            "style" :                                                                                    
            {
                "navigationBarTitleText": "",
                "enablePullDownRefresh": false
            }
            
        }
        ,{
            "path" : "pages/DiscussAdd/DiscussAdd",
            "style" :                                                                                    
            {
                "navigationBarTitleText": "",
                "enablePullDownRefresh": false
            }
            
        }
    ],
	"globalStyle": {
		"navigationBarTextStyle": "black",
		"navigationBarTitleText": "uni-app",
		"navigationBarBackgroundColor": "#F8F8F8",
		"backgroundColor": "#F8F8F8"
	},
	"tabBar": {
		// "backgroundColor": "rgb(63, 191, 242)",
		"color": "#000000",
		"list": [
			{
				"pagePath": "pages/index/index",
				"text": "学习",
				"iconPath": "static/index.png",
				"selectedIconPath": "static/select_index.png"
			},
			{
				"pagePath": "pages/textual-criticism/textual-criticism",
				"text": "考证",
				"iconPath": "static/textual-criticism.png",
				"selectedIconPath": "static/select_textual-criticism.png"
			},
			{
				"pagePath": "pages/discuss/discuss",
				"text": "讨论",
				"iconPath": "static/discuss.png",
				"selectedIconPath": "static/select_discuss.png"
			},
			{
				"pagePath": "pages/Personal-Center/Personal-Center",
				"text": "我的",
				"iconPath": "static/Personal-Center.png",
				"selectedIconPath": "static/select_Personal-Center.png"
			}
		]
	},
	"uniIdRouter": {}
}
